"month","journal_category","journal","journal_short_name","issn","title","publication_date","date_basis","doi","doi_url","abstract_available","method_family_topics","method_family_keywords","data_source_topics","data_source_keywords","spatiotemporal_context_topics","spatiotemporal_context_keywords","screening_rule"
"2025-01","空间算法","ACM Transactions on Spatial Algorithms and Systems","TSAS","2374-0361","QPredict: Using low quality volunteered geospatial data to evaluate high quality authority data","2025-01-30","created-proxy","10.1145/3715910","https://doi.org/10.1145/3715910","yes","机器学习","machine learning","街景、社交感知与众包数据 | 基础地理与城市数据库","volunteered geographic information | OpenStreetMap","","","Must match at least one method_family keyword in Crossref title or abstract"
"2025-01","地理学与 GIScience","Annals of GIS","AGIS","1947-5691","Urban flood risk assessment and evacuation planning: a bi-level optimization model for sustainable high-density coastal areas","2025-01-13","published-online","10.1080/19475683.2025.2451236","https://doi.org/10.1080/19475683.2025.2451236","no","仿真、优化与强化学习","optimization","","","环境监测与灾害风险","flood","Must match at least one method_family keyword in Crossref title or abstract"
"2025-01","地理学与 GIScience","Annals of GIS","AGIS","1947-5691","A GIS based spatiotemporal modelling approach for cycling risk mapping using crowd-sourced sensor data","2025-01-15","published-online","10.1080/19475683.2025.2453550","https://doi.org/10.1080/19475683.2025.2453550","no","时序与时空建模","spatiotemporal","传感器与物联网数据","sensor","","","Must match at least one method_family keyword in Crossref title or abstract"
"2025-01","地理学与 GIScience","Annals of GIS","AGIS","1947-5691","Reinforcement learning-based vehicle travel path reconstruction from sparse automatic licence plate recognition data","2025-01-20","published-online","10.1080/19475683.2025.2453553","https://doi.org/10.1080/19475683.2025.2453553","no","仿真、优化与强化学习","reinforcement learning","","","","","Must match at least one method_family keyword in Crossref title or abstract"
"2025-01","地理学与 GIScience","Annals of the American Association of Geographers","AAG","2469-4452","Revealing Urban Spatial Interaction Characteristics and Crowd Travel Patterns from Trajectory Data","2025-01-07","published-online","10.1080/24694452.2024.2440409","https://doi.org/10.1080/24694452.2024.2440409","no","空间交互与移动性模型","spatial interaction","轨迹与移动性数据","trajectory","","","Must match at least one method_family keyword in Crossref title or abstract"
"2025-01","地理学与 GIScience","Annals of the American Association of Geographers","AAG","2469-4452","Regional Relevance of a Cultural Park: Leverage Points Identified Through Spatial-Social Network Analysis","2025-01-31","published-online","10.1080/24694452.2025.2452565","https://doi.org/10.1080/24694452.2025.2452565","no","图模型与网络方法","network analysis","","","","","Must match at least one method_family keyword in Crossref title or abstract"
"2025-01","地理学与 GIScience","Applied Geography","APG","0143-6228","Methamphetamine spread in the Seoul metropolitan area: Geographical random forest modeling approach","2025-01-01","published","10.1016/j.apgeog.2024.103470","https://doi.org/10.1016/j.apgeog.2024.103470","no","机器学习","random forest","","","","","Must match at least one method_family keyword in Crossref title or abstract"
"2025-01","地理学与 GIScience","Applied Geography","APG","0143-6228","Understanding the spatiotemporal response of dockless bike-sharing travel behavior to the small outbreaks of COVID-19","2025-01-07","created-proxy","10.1016/j.apgeog.2024.103488","https://doi.org/10.1016/j.apgeog.2024.103488","no","时序与时空建模","spatiotemporal","","","","","Must match at least one method_family keyword in Crossref title or abstract"
"2025-01","地理学与 GIScience","Applied Geography","APG","0143-6228","The impact of changes in land transfer decisions on rural livelihood transitions: Evidence from dynamic panel data in China","2025-01-14","created-proxy","10.1016/j.apgeog.2025.103515","https://doi.org/10.1016/j.apgeog.2025.103515","no","因果推断与准实验","panel data","","","时间尺度与动态过程","panel","Must match at least one method_family keyword in Crossref title or abstract"
"2025-01","地理学与 GIScience","Applied Geography","APG","0143-6228","Unveiling the Spatio-Temporal Patterns and mechanisms of poverty incidence in Southwest China through multi-sourced data and interpretable machine learning","2025-01-30","created-proxy","10.1016/j.apgeog.2025.103541","https://doi.org/10.1016/j.apgeog.2025.103541","no","机器学习 | 时序与时空建模","machine learning | spatio-temporal","","","","","Must match at least one method_family keyword in Crossref title or abstract"
"2025-01","地图学与地理信息","Cartography and Geographic Information Science","CaGIS","1545-0465","Automated selection of urban road network by fusion of PageRank algorithm and attribute importance metrics","2025-01-09","published-online","10.1080/15230406.2024.2439311","https://doi.org/10.1080/15230406.2024.2439311","no","图模型与网络方法","road network","基础地理与城市数据库","road network","","","Must match at least one method_family keyword in Crossref title or abstract"
"2025-01","计算地理与城市系统","Computers & Geosciences","C&G","0098-3004","A two-dimensional magnetotelluric deep learning inversion approach based on improved Dense Convolutional Network","2025-01-01","published","10.1016/j.cageo.2024.105765","https://doi.org/10.1016/j.cageo.2024.105765","no","深度学习与神经网络","deep learning","","","","","Must match at least one method_family keyword in Crossref title or abstract"
"2025-01","计算地理与城市系统","Computers & Geosciences","C&G","0098-3004","Adaptive constraint-guided surrogate enhanced evolutionary algorithm for horizontal well placement optimization in oil reservoir","2025-01-01","published","10.1016/j.cageo.2024.105740","https://doi.org/10.1016/j.cageo.2024.105740","no","仿真、优化与强化学习","optimization","","","","","Must match at least one method_family keyword in Crossref title or abstract"
"2025-01","计算地理与城市系统","Computers & Geosciences","C&G","0098-3004","Curvilinear lineament extraction: Bayesian optimization of Principal Component Wavelet Analysis and Hysteresis Thresholding","2025-01-01","published","10.1016/j.cageo.2024.105768","https://doi.org/10.1016/j.cageo.2024.105768","no","仿真、优化与强化学习","optimization","","","","","Must match at least one method_family keyword in Crossref title or abstract"
"2025-01","计算地理与城市系统","Computers & Geosciences","C&G","0098-3004","Intelligent fault prediction with wavelet-SVM fusion in coal mine","2025-01-01","published","10.1016/j.cageo.2024.105744","https://doi.org/10.1016/j.cageo.2024.105744","no","机器学习","SVM","","","","","Must match at least one method_family keyword in Crossref title or abstract"
"2025-01","计算地理与城市系统","Computers & Geosciences","C&G","0098-3004","Multimodal feature integration network for lithology identification from point cloud data","2025-01-01","published","10.1016/j.cageo.2024.105775","https://doi.org/10.1016/j.cageo.2024.105775","no","遥感视觉与影像分析","point cloud","","","","","Must match at least one method_family keyword in Crossref title or abstract"
"2025-01","计算地理与城市系统","Computers & Geosciences","C&G","0098-3004","Object segmentation of near surface magnetic field data based on deep convolutional neural networks","2025-01-01","created-proxy","10.1016/j.cageo.2024.105847","https://doi.org/10.1016/j.cageo.2024.105847","no","深度学习与神经网络","neural network | convolutional neural network","","","","","Must match at least one method_family keyword in Crossref title or abstract"
"2025-01","计算地理与城市系统","Computers & Geosciences","C&G","0098-3004","Removing atmospheric noise from InSAR interferograms in mountainous regions with a convolutional neural network","2025-01-01","published","10.1016/j.cageo.2024.105771","https://doi.org/10.1016/j.cageo.2024.105771","no","深度学习与神经网络","neural network | convolutional neural network","","","","","Must match at least one method_family keyword in Crossref title or abstract"
"2025-01","计算地理与城市系统","Computers & Geosciences","C&G","0098-3004","Shale sample permeability estimation using fractal parameters computed from TransUnet-based SEM image segmentation","2025-01-01","published","10.1016/j.cageo.2024.105745","https://doi.org/10.1016/j.cageo.2024.105745","no","遥感视觉与影像分析","image segmentation","","","","","Must match at least one method_family keyword in Crossref title or abstract"
"2025-01","计算地理与城市系统","Computers & Geosciences","C&G","0098-3004","SwinInver: 3D data-driven seismic impedance inversion based on Swin Transformer and adversarial training","2025-01-01","published","10.1016/j.cageo.2024.105743","https://doi.org/10.1016/j.cageo.2024.105743","no","深度学习与神经网络","transformer","","","","","Must match at least one method_family keyword in Crossref title or abstract"
"2025-01","计算地理与城市系统","Computers & Geosciences","C&G","0098-3004","Time reversal imaging and transfer learning for spatial and temporal seismic source location","2025-01-04","created-proxy","10.1016/j.cageo.2024.105843","https://doi.org/10.1016/j.cageo.2024.105843","no","GeoAI 与基础模型","transfer learning","","","","","Must match at least one method_family keyword in Crossref title or abstract"
"2025-01","计算地理与城市系统","Computers & Geosciences","C&G","0098-3004","Addressing class imbalance in micro-CT image segmentation: A modified U-Net model with pixel-level class weighting","2025-01-09","created-proxy","10.1016/j.cageo.2025.105853","https://doi.org/10.1016/j.cageo.2025.105853","no","深度学习与神经网络 | 遥感视觉与影像分析","U-Net | image segmentation","","","","","Must match at least one method_family keyword in Crossref title or abstract"
"2025-01","计算地理与城市系统","Computers & Geosciences","C&G","0098-3004","Siamese topographic generation model: A deep learning model for generating Antarctic subglacial topography with fine details","2025-01-14","created-proxy","10.1016/j.cageo.2025.105857","https://doi.org/10.1016/j.cageo.2025.105857","no","深度学习与神经网络","deep learning","","","","","Must match at least one method_family keyword in Crossref title or abstract"
"2025-01","计算地理与城市系统","Computers & Geosciences","C&G","0098-3004","Roadster: Improved algorithms for subtrajectory clustering and map construction","2025-01-15","created-proxy","10.1016/j.cageo.2024.105845","https://doi.org/10.1016/j.cageo.2024.105845","no","机器学习","clustering","","","","","Must match at least one method_family keyword in Crossref title or abstract"
"2025-01","计算地理与城市系统","Computers & Geosciences","C&G","0098-3004","A combined deep learning and morphology approach for DFS identification and parameter extraction","2025-01-16","created-proxy","10.1016/j.cageo.2025.105856","https://doi.org/10.1016/j.cageo.2025.105856","no","深度学习与神经网络","deep learning","","","","","Must match at least one method_family keyword in Crossref title or abstract"
"2025-01","计算地理与城市系统","Computers & Geosciences","C&G","0098-3004","Automatic seismic event detection in low signal-to-noise ratio seismic signal based on a deep residual shrinkage network","2025-01-20","created-proxy","10.1016/j.cageo.2025.105868","https://doi.org/10.1016/j.cageo.2025.105868","no","时序与时空建模","event detection","","","","","Must match at least one method_family keyword in Crossref title or abstract"
"2025-01","计算地理与城市系统","Computers & Geosciences","C&G","0098-3004","Non-linear non-parametric geostatistical rock-physics inversion of elastic attributes for petrophysical properties using direct multivariate simulation","2025-01-23","created-proxy","10.1016/j.cageo.2025.105862","https://doi.org/10.1016/j.cageo.2025.105862","no","仿真、优化与强化学习","simulation","","","","","Must match at least one method_family keyword in Crossref title or abstract"
"2025-01","计算地理与城市系统","Computers & Geosciences","C&G","0098-3004","Optimizing managed artificial recharge backwash using a multi-objective particle swarm optimization coupled with a clogging simulation model","2025-01-23","created-proxy","10.1016/j.cageo.2025.105869","https://doi.org/10.1016/j.cageo.2025.105869","no","仿真、优化与强化学习","simulation | optimization","","","","","Must match at least one method_family keyword in Crossref title or abstract"
"2025-01","计算地理与城市系统","Computers & Geosciences","C&G","0098-3004","Linking geo-models for geomorphological classification using knowledge graphs","2025-01-24","created-proxy","10.1016/j.cageo.2025.105873","https://doi.org/10.1016/j.cageo.2025.105873","no","机器学习 | 图模型与网络方法","classification | knowledge graph","","","","","Must match at least one method_family keyword in Crossref title or abstract"
"2025-01","计算地理与城市系统","Computers & Geosciences","C&G","0098-3004","Automatic detection of ditches and natural streams from digital elevation models using deep learning","2025-01-27","created-proxy","10.1016/j.cageo.2025.105875","https://doi.org/10.1016/j.cageo.2025.105875","no","深度学习与神经网络","deep learning","基础地理与城市数据库","digital elevation model","","","Must match at least one method_family keyword in Crossref title or abstract"
"2025-01","计算地理与城市系统","Computers & Geosciences","C&G","0098-3004","Indications of abundant off-axis activity at the east Pacific rise, 9°50’ N, using a machine learning “chimney identification tool”","2025-01-27","created-proxy","10.1016/j.cageo.2025.105874","https://doi.org/10.1016/j.cageo.2025.105874","no","机器学习","machine learning","","","","","Must match at least one method_family keyword in Crossref title or abstract"
"2025-01","计算地理与城市系统","Computers & Geosciences","C&G","0098-3004","An integrated neighborhood and scale information network for open-pit mine change detection in high-resolution remote sensing images","2025-01-28","created-proxy","10.1016/j.cageo.2025.105880","https://doi.org/10.1016/j.cageo.2025.105880","no","时序与时空建模","change detection","遥感与地球观测数据","remote sensing","城市、区域与空间结构","neighborhood","Must match at least one method_family keyword in Crossref title or abstract"
"2025-01","计算地理与城市系统","Computers & Geosciences","C&G","0098-3004","Hyperspectral image classification based on faster residual multi-branch spiking neural network","2025-01-28","created-proxy","10.1016/j.cageo.2025.105864","https://doi.org/10.1016/j.cageo.2025.105864","no","机器学习 | 深度学习与神经网络 | 遥感视觉与影像分析","classification | neural network | image classification | hyperspectral","遥感与地球观测数据","hyperspectral","","","Must match at least one method_family keyword in Crossref title or abstract"
"2025-01","计算地理与城市系统","Computers, Environment and Urban Systems","CEUS","0198-9715","Estimating the density of urban trees in 1890s Leeds and Edinburgh using object detection on historical maps","2025-01-01","published","10.1016/j.compenvurbsys.2024.102219","https://doi.org/10.1016/j.compenvurbsys.2024.102219","no","遥感视觉与影像分析","object detection","","","","","Must match at least one method_family keyword in Crossref title or abstract"
"2025-01","城市分析与空间科学","Environment and Planning B: Urban Analytics and City Science","EPB","2399-8091","Exploring the relationship between income inequality and crime in Toronto using frequentist and Bayesian models: Examining different crime types and spatial scales","2025-01-03","published-online","10.1177/23998083241311969","https://doi.org/10.1177/23998083241311969","yes","空间统计与空间计量","spatial regression","","","空间尺度、依赖与异质性 | 城市、区域与空间结构","spatial scale | MAUP | city","Must match at least one method_family keyword in Crossref title or abstract"
"2025-01","城市分析与空间科学","Environment and Planning B: Urban Analytics and City Science","EPB","2399-8091","CITYLID: A large-scale categorized aerial lidar dataset for street-level research","2025-01-04","published-online","10.1177/23998083241312273","https://doi.org/10.1177/23998083241312273","yes","遥感视觉与影像分析","point cloud | LiDAR","遥感与地球观测数据","LiDAR","城市、区域与空间结构","neighborhood","Must match at least one method_family keyword in Crossref title or abstract"
"2025-01","城市分析与空间科学","Environment and Planning B: Urban Analytics and City Science","EPB","2399-8091","Quantifying the benefits of urban amenities in Singapore with consideration of the effects of spatial heterogeneity","2025-01-04","published-online","10.1177/23998083241312953","https://doi.org/10.1177/23998083241312953","yes","空间统计与空间计量","spatial autocorrelation | geographically weighted regression | GWR","","","空间尺度、依赖与异质性 | 城市、区域与空间结构","spatial heterogeneity | city","Must match at least one method_family keyword in Crossref title or abstract"
"2025-01","城市分析与空间科学","Environment and Planning B: Urban Analytics and City Science","EPB","2399-8091","A high-resolution global time series of street-network sprawl","2025-01-13","published-online","10.1177/23998083241306829","https://doi.org/10.1177/23998083241306829","yes","图模型与网络方法 | 时序与时空建模","road network | time series","基础地理与城市数据库","OpenStreetMap | road network","城市、区域与空间结构","urban form","Must match at least one method_family keyword in Crossref title or abstract"
"2025-01","城市分析与空间科学","Environment and Planning B: Urban Analytics and City Science","EPB","2399-8091","Assessing the impact of greenery on urban heat using opportunistic drive-by sensing","2025-01-13","published-online","10.1177/23998083241311068","https://doi.org/10.1177/23998083241311068","yes","时序与时空建模","spatiotemporal","","","城市、区域与空间结构 | 环境监测与灾害风险","city | heat | climate","Must match at least one method_family keyword in Crossref title or abstract"
"2025-01","城市分析与空间科学","Environment and Planning B: Urban Analytics and City Science","EPB","2399-8091","Exploring the associations between street-view green space quantity and quality, and influenza in Guangzhou, China through machine learning and spatial regression: A socio-economic equity perspective","2025-01-13","published-online","10.1177/23998083241312272","https://doi.org/10.1177/23998083241312272","yes","机器学习 | 深度学习与神经网络 | 空间统计与空间计量","machine learning | neural network | spatial regression","遥感与地球观测数据","remote sensing","空间尺度、依赖与异质性","spatial dependence","Must match at least one method_family keyword in Crossref title or abstract"
"2025-01","城市分析与空间科学","Environment and Planning B: Urban Analytics and City Science","EPB","2399-8091","Using a machine learning framework for natural language processing to create a high-resolution carbon emission map for urban manufacturing","2025-01-13","published-online","10.1177/23998083241312948","https://doi.org/10.1177/23998083241312948","yes","机器学习","machine learning | clustering","","","","","Must match at least one method_family keyword in Crossref title or abstract"
"2025-01","城市分析与空间科学","Environment and Planning B: Urban Analytics and City Science","EPB","2399-8091","Barrios 4D: Semi-automated morphology analysis of human settlements using mobile laser scanning","2025-01-28","published-online","10.1177/23998083251315966","https://doi.org/10.1177/23998083251315966","yes","遥感视觉与影像分析","LiDAR","遥感与地球观测数据 | 基础地理与城市数据库","LiDAR | land use","城市、区域与空间结构","city","Must match at least one method_family keyword in Crossref title or abstract"
"2025-01","地理信息科学","Geo-spatial Information Science","GSIS","1993-5153","Cross-modal feature interaction network for heterogeneous change detection","2025-01-09","published-online","10.1080/10095020.2024.2446307","https://doi.org/10.1080/10095020.2024.2446307","no","时序与时空建模","change detection","","","","","Must match at least one method_family keyword in Crossref title or abstract"
"2025-01","地理信息科学","Geo-spatial Information Science","GSIS","1993-5153","Urban tree species classification using multisource satellite remote sensing data and street view imagery","2025-01-14","published-online","10.1080/10095020.2024.2439380","https://doi.org/10.1080/10095020.2024.2439380","no","机器学习","classification","遥感与地球观测数据 | 街景、社交感知与众包数据","remote sensing | street view","","","Must match at least one method_family keyword in Crossref title or abstract"
"2025-01","地理信息科学","Geo-spatial Information Science","GSIS","1993-5153","ADMNet: adaptive deformable convolution large model combining multi-level progressive fusion for Building Change Detection","2025-01-17","published-online","10.1080/10095020.2024.2448232","https://doi.org/10.1080/10095020.2024.2448232","no","时序与时空建模","change detection","","","","","Must match at least one method_family keyword in Crossref title or abstract"
"2025-01","地理信息科学","Geo-spatial Information Science","GSIS","1993-5153","Evaluating the spatiotemporal patterns of GPP and tree growth for their response to CO 2 fertilization effects in mid-latitude forests of China","2025-01-17","published-online","10.1080/10095020.2024.2448231","https://doi.org/10.1080/10095020.2024.2448231","no","时序与时空建模","spatiotemporal","","","","","Must match at least one method_family keyword in Crossref title or abstract"
"2025-01","地理信息科学","Geo-spatial Information Science","GSIS","1993-5153","Integrating a multi-dimensional deep convolutional neural network with optimized sample selection for landslide susceptibility assessment","2025-01-17","published-online","10.1080/10095020.2024.2443483","https://doi.org/10.1080/10095020.2024.2443483","no","深度学习与神经网络","neural network | convolutional neural network","","","环境监测与灾害风险","landslide","Must match at least one method_family keyword in Crossref title or abstract"
"2025-01","地理信息科学","Geo-spatial Information Science","GSIS","1993-5153","Long-term spatiotemporal features of aerosol optical characteristics and relative humidity in China’s offshore areas","2025-01-17","published-online","10.1080/10095020.2024.2447445","https://doi.org/10.1080/10095020.2024.2447445","no","时序与时空建模","spatiotemporal","","","","","Must match at least one method_family keyword in Crossref title or abstract"
"2025-01","地理信息科学","Geo-spatial Information Science","GSIS","1993-5153","Spatial-temporal analysis of the international trade network","2025-01-17","published-online","10.1080/10095020.2024.2449458","https://doi.org/10.1080/10095020.2024.2449458","no","时序与时空建模","temporal analysis","","","","","Must match at least one method_family keyword in Crossref title or abstract"
"2025-01","地理信息科学","Geo-spatial Information Science","GSIS","1993-5153","Spatiotemporal patterns of annual clear-cutting distribution in tropical and subtropical regions of China with time series Landsat and CCDC","2025-01-17","published-online","10.1080/10095020.2024.2446293","https://doi.org/10.1080/10095020.2024.2446293","no","时序与时空建模","spatiotemporal | time series","遥感与地球观测数据","Landsat","","","Must match at least one method_family keyword in Crossref title or abstract"
"2025-01","地理信息科学","Geo-spatial Information Science","GSIS","1993-5153","Enhanced sensor web services by incorporating IoT interface protocols and spatio-temporal data streams for edge computing-based sensing","2025-01-22","published-online","10.1080/10095020.2025.2450510","https://doi.org/10.1080/10095020.2025.2450510","no","时序与时空建模","spatio-temporal","传感器与物联网数据","sensor | IoT","","","Must match at least one method_family keyword in Crossref title or abstract"
"2025-01","地理信息科学","Geo-spatial Information Science","GSIS","1993-5153","Latent spectral-spatial diffusion model for single hyperspectral super-resolution","2025-01-22","published-online","10.1080/10095020.2024.2378917","https://doi.org/10.1080/10095020.2024.2378917","no","遥感视觉与影像分析","super-resolution | hyperspectral","遥感与地球观测数据","hyperspectral","","","Must match at least one method_family keyword in Crossref title or abstract"
"2025-01","空间统计与地理分析","Geographical Analysis","GEAN","1538-4632","Overlapping Landsat Scene Classifications and Focal Context to Identify Boreal Disturbance Mapping Uncertainty","2025-01-28","published-online","10.1111/gean.12422","https://doi.org/10.1111/gean.12422","yes","机器学习","classification | random forest","遥感与地球观测数据","Landsat","","","Must match at least one method_family keyword in Crossref title or abstract"
"2025-01","遥感与地球观测","International Journal of Applied Earth Observation and Geoinformation","JAG","1569-8432","A graph-based multimodal data fusion framework for identifying urban functional zone","2025-01-05","created-proxy","10.1016/j.jag.2024.104353","https://doi.org/10.1016/j.jag.2024.104353","no","图模型与网络方法","graph","","","","","Must match at least one method_family keyword in Crossref title or abstract"
"2025-01","遥感与地球观测","International Journal of Applied Earth Observation and Geoinformation","JAG","1569-8432","Images and deep learning in human and urban infrastructure interactions pertinent to sustainable urban studies: Review and perspective","2025-01-05","created-proxy","10.1016/j.jag.2024.104352","https://doi.org/10.1016/j.jag.2024.104352","no","深度学习与神经网络","deep learning","","","","","Must match at least one method_family keyword in Crossref title or abstract"
"2025-01","遥感与地球观测","International Journal of Applied Earth Observation and Geoinformation","JAG","1569-8432","Incorporating environmental data to refine the classification and understanding of the mechanisms behind encroachment of a woody species in the Southern Great Plains (USA)","2025-01-11","created-proxy","10.1016/j.jag.2025.104362","https://doi.org/10.1016/j.jag.2025.104362","no","机器学习","classification","","","","","Must match at least one method_family keyword in Crossref title or abstract"
"2025-01","遥感与地球观测","International Journal of Applied Earth Observation and Geoinformation","JAG","1569-8432","Multi-scale frequency-guided two-stream network for hyperspectral anomaly detection","2025-01-11","created-proxy","10.1016/j.jag.2025.104355","https://doi.org/10.1016/j.jag.2025.104355","no","遥感视觉与影像分析","hyperspectral","遥感与地球观测数据","hyperspectral","","","Must match at least one method_family keyword in Crossref title or abstract"
"2025-01","遥感与地球观测","International Journal of Applied Earth Observation and Geoinformation","JAG","1569-8432","Spatiotemporal trends in Anopheles funestus breeding habitats","2025-01-11","created-proxy","10.1016/j.jag.2024.104351","https://doi.org/10.1016/j.jag.2024.104351","no","时序与时空建模","spatiotemporal","","","","","Must match at least one method_family keyword in Crossref title or abstract"
"2025-01","遥感与地球观测","International Journal of Applied Earth Observation and Geoinformation","JAG","1569-8432","The impact of spatiotemporal variability of environmental conditions on wheat yield forecasting using remote sensing data and machine learning","2025-01-11","created-proxy","10.1016/j.jag.2025.104367","https://doi.org/10.1016/j.jag.2025.104367","no","机器学习 | 时序与时空建模","machine learning | spatiotemporal | forecasting","遥感与地球观测数据","remote sensing","","","Must match at least one method_family keyword in Crossref title or abstract"
"2025-01","遥感与地球观测","International Journal of Applied Earth Observation and Geoinformation","JAG","1569-8432","Configuration of public transportation stations in Hong Kong based on population density prediction by machine learning","2025-01-13","created-proxy","10.1016/j.jag.2024.104339","https://doi.org/10.1016/j.jag.2024.104339","no","机器学习","machine learning","","","","","Must match at least one method_family keyword in Crossref title or abstract"
"2025-01","遥感与地球观测","International Journal of Applied Earth Observation and Geoinformation","JAG","1569-8432","A deep learning approach for SMAP soil moisture downscaling informed by thermal inertia theory","2025-01-14","created-proxy","10.1016/j.jag.2025.104370","https://doi.org/10.1016/j.jag.2025.104370","no","深度学习与神经网络","deep learning","","","","","Must match at least one method_family keyword in Crossref title or abstract"
"2025-01","遥感与地球观测","International Journal of Applied Earth Observation and Geoinformation","JAG","1569-8432","TSNET: A solid waste instance segmentation model in China based on a Two-Step detection strategy and satellite remote sensing images","2025-01-14","created-proxy","10.1016/j.jag.2025.104366","https://doi.org/10.1016/j.jag.2025.104366","no","遥感视觉与影像分析","instance segmentation","遥感与地球观测数据","remote sensing","","","Must match at least one method_family keyword in Crossref title or abstract"
"2025-01","遥感与地球观测","International Journal of Applied Earth Observation and Geoinformation","JAG","1569-8432","Pseudo-class distribution guided multi-view unsupervised domain adaptation for hyperspectral image classification","2025-01-15","created-proxy","10.1016/j.jag.2025.104356","https://doi.org/10.1016/j.jag.2025.104356","no","GeoAI 与基础模型 | 机器学习 | 遥感视觉与影像分析","domain adaptation | classification | image classification | hyperspectral","遥感与地球观测数据","hyperspectral","","","Must match at least one method_family keyword in Crossref title or abstract"
"2025-01","遥感与地球观测","International Journal of Applied Earth Observation and Geoinformation","JAG","1569-8432","Deep learning reveals hotspots of global oceanic oxygen changes from 2003 to 2020","2025-01-16","created-proxy","10.1016/j.jag.2025.104363","https://doi.org/10.1016/j.jag.2025.104363","no","深度学习与神经网络","deep learning","","","","","Must match at least one method_family keyword in Crossref title or abstract"
"2025-01","遥感与地球观测","International Journal of Applied Earth Observation and Geoinformation","JAG","1569-8432","Image-point cloud embedding network for simultaneous image-based farmland instance extraction and point cloud-based semantic segmentation","2025-01-16","created-proxy","10.1016/j.jag.2025.104361","https://doi.org/10.1016/j.jag.2025.104361","no","遥感视觉与影像分析","semantic segmentation | point cloud","","","","","Must match at least one method_family keyword in Crossref title or abstract"
"2025-01","遥感与地球观测","International Journal of Applied Earth Observation and Geoinformation","JAG","1569-8432","HUTDNet: A joint unmixing and target detection network for underwater hyperspectral imagery","2025-01-18","created-proxy","10.1016/j.jag.2025.104374","https://doi.org/10.1016/j.jag.2025.104374","no","遥感视觉与影像分析","hyperspectral","遥感与地球观测数据","hyperspectral","","","Must match at least one method_family keyword in Crossref title or abstract"
"2025-01","遥感与地球观测","International Journal of Applied Earth Observation and Geoinformation","JAG","1569-8432","Towards the next generation of Geospatial Artificial Intelligence","2025-01-20","created-proxy","10.1016/j.jag.2025.104368","https://doi.org/10.1016/j.jag.2025.104368","no","GeoAI 与基础模型","geospatial artificial intelligence","","","","","Must match at least one method_family keyword in Crossref title or abstract"
"2025-01","遥感与地球观测","International Journal of Applied Earth Observation and Geoinformation","JAG","1569-8432","Glacial lake mapping using remote sensing Geo-Foundation Model","2025-01-21","created-proxy","10.1016/j.jag.2025.104371","https://doi.org/10.1016/j.jag.2025.104371","no","GeoAI 与基础模型","foundation model","遥感与地球观测数据","remote sensing","","","Must match at least one method_family keyword in Crossref title or abstract"
"2025-01","遥感与地球观测","International Journal of Applied Earth Observation and Geoinformation","JAG","1569-8432","Dual U–Vision–Transformer for reconstructing the three-dimensional eddy-resolving oceanic physical parameters from satellite observations","2025-01-22","created-proxy","10.1016/j.jag.2025.104382","https://doi.org/10.1016/j.jag.2025.104382","no","深度学习与神经网络","transformer","","","","","Must match at least one method_family keyword in Crossref title or abstract"
"2025-01","遥感与地球观测","International Journal of Applied Earth Observation and Geoinformation","JAG","1569-8432","A tree crown edge-aware clipping algorithm for airborne LiDAR point clouds","2025-01-26","created-proxy","10.1016/j.jag.2025.104381","https://doi.org/10.1016/j.jag.2025.104381","no","遥感视觉与影像分析","point cloud | LiDAR","遥感与地球观测数据","LiDAR","","","Must match at least one method_family keyword in Crossref title or abstract"
"2025-01","遥感与地球观测","International Journal of Applied Earth Observation and Geoinformation","JAG","1569-8432","Change detection of slow-moving landslide with multi-source SBAS-InSAR and Light-U2Net","2025-01-27","created-proxy","10.1016/j.jag.2025.104387","https://doi.org/10.1016/j.jag.2025.104387","no","时序与时空建模","change detection","","","环境监测与灾害风险","landslide","Must match at least one method_family keyword in Crossref title or abstract"
"2025-01","遥感与地球观测","International Journal of Applied Earth Observation and Geoinformation","JAG","1569-8432","CUG-STCN: A seabed topography classification framework based on knowledge graph-guided vision mamba network","2025-01-27","created-proxy","10.1016/j.jag.2025.104383","https://doi.org/10.1016/j.jag.2025.104383","no","机器学习 | 深度学习与神经网络 | 图模型与网络方法","classification | TCN | graph | knowledge graph","","","","","Must match at least one method_family keyword in Crossref title or abstract"
"2025-01","数字地球与地理信息","International Journal of Digital Earth","IJDE","1753-8955","A hybrid cellular automaton model integrated with 3DCNN and LSTM for simulating land use/cover change","2025-01-01","published-online","10.1080/17538947.2024.2447337","https://doi.org/10.1080/17538947.2024.2447337","no","深度学习与神经网络","CNN | LSTM","基础地理与城市数据库","land use","","","Must match at least one method_family keyword in Crossref title or abstract"
"2025-01","数字地球与地理信息","International Journal of Digital Earth","IJDE","1753-8955","SBAS-InSAR Analysis of tectonic derived ground deformation and subsidence susceptibility mapping via machine learning in Quetta City, Pakistan","2025-01-01","published-online","10.1080/17538947.2024.2441926","https://doi.org/10.1080/17538947.2024.2441926","no","机器学习","machine learning","","","城市、区域与空间结构","city","Must match at least one method_family keyword in Crossref title or abstract"
"2025-01","数字地球与地理信息","International Journal of Digital Earth","IJDE","1753-8955","M 2 Caps: learning multi-modal capsules of optical and SAR images for land cover classification","2025-01-02","published-online","10.1080/17538947.2024.2447347","https://doi.org/10.1080/17538947.2024.2447347","no","机器学习 | 遥感视觉与影像分析","classification | SAR","遥感与地球观测数据 | 基础地理与城市数据库","SAR | land cover","","","Must match at least one method_family keyword in Crossref title or abstract"
"2025-01","数字地球与地理信息","International Journal of Digital Earth","IJDE","1753-8955","Carbon balance dynamic evolution and simulation coupling economic development and ecological protection: a case study of Jiangxi Province at county scale from 2000–2030","2025-01-03","published-online","10.1080/17538947.2024.2448572","https://doi.org/10.1080/17538947.2024.2448572","no","仿真、优化与强化学习","simulation","","","","","Must match at least one method_family keyword in Crossref title or abstract"
"2025-01","数字地球与地理信息","International Journal of Digital Earth","IJDE","1753-8955","Adaptive polarimetric optimization for ground deformation monitoring using multi-temporal InSAR with dual-polarization sentinel-1","2025-01-06","published-online","10.1080/17538947.2024.2447335","https://doi.org/10.1080/17538947.2024.2447335","no","仿真、优化与强化学习","optimization","遥感与地球观测数据","Sentinel","","","Must match at least one method_family keyword in Crossref title or abstract"
"2025-01","数字地球与地理信息","International Journal of Digital Earth","IJDE","1753-8955","Geo-computation techniques for identifying spatio-temporal patterns of reported oil spills along crude oil pipeline networks","2025-01-06","published-online","10.1080/17538947.2024.2448218","https://doi.org/10.1080/17538947.2024.2448218","no","时序与时空建模","spatio-temporal","","","","","Must match at least one method_family keyword in Crossref title or abstract"
"2025-01","数字地球与地理信息","International Journal of Digital Earth","IJDE","1753-8955","Spatiotemporal analysis of drought patterns and trends across Africa: a multi-scale SPEI approach (1960–2018)","2025-01-06","published-online","10.1080/17538947.2024.2447342","https://doi.org/10.1080/17538947.2024.2447342","no","时序与时空建模","spatiotemporal | temporal analysis","","","","","Must match at least one method_family keyword in Crossref title or abstract"
"2025-01","数字地球与地理信息","International Journal of Digital Earth","IJDE","1753-8955","An automated construction method of 3D knowledge graph based on multi-agent systems in virtual geographic scene","2025-01-07","published-online","10.1080/17538947.2024.2449185","https://doi.org/10.1080/17538947.2024.2449185","no","图模型与网络方法","graph | knowledge graph","","","","","Must match at least one method_family keyword in Crossref title or abstract"
"2025-01","数字地球与地理信息","International Journal of Digital Earth","IJDE","1753-8955","The impacts of drought on water availability: spatial and temporal analysis in the Belt and Road region (2001–2020)","2025-01-08","published-online","10.1080/17538947.2025.2449706","https://doi.org/10.1080/17538947.2025.2449706","no","时序与时空建模","temporal analysis","","","","","Must match at least one method_family keyword in Crossref title or abstract"
"2025-01","数字地球与地理信息","International Journal of Digital Earth","IJDE","1753-8955","Multi-objective optimization of urban logistics land: a gradient-based method approach with Wuhan city as an example","2025-01-12","published-online","10.1080/17538947.2024.2449568","https://doi.org/10.1080/17538947.2024.2449568","no","仿真、优化与强化学习","optimization","","","城市、区域与空间结构","city","Must match at least one method_family keyword in Crossref title or abstract"
"2025-01","数字地球与地理信息","International Journal of Digital Earth","IJDE","1753-8955","Location optimization of urban fire stations considering the variations in fire service demands: a bi-objective coverage model","2025-01-26","published-online","10.1080/17538947.2025.2454386","https://doi.org/10.1080/17538947.2025.2454386","no","仿真、优化与强化学习","optimization","","","","","Must match at least one method_family keyword in Crossref title or abstract"
"2025-01","数字地球与地理信息","International Journal of Digital Earth","IJDE","1753-8955","Fine-scale forest classification with multi-temporal sentinel-1/2 imagery using a temporal convolutional neural network","2025-01-27","published-online","10.1080/17538947.2025.2457953","https://doi.org/10.1080/17538947.2025.2457953","no","机器学习 | 深度学习与神经网络","classification | neural network | convolutional neural network","遥感与地球观测数据","Sentinel","","","Must match at least one method_family keyword in Crossref title or abstract"
"2025-01","数字地球与地理信息","International Journal of Digital Earth","IJDE","1753-8955","Remote sensing-based winter wheat yield estimation integrating machine learning and crop growth multi-scenario simulations","2025-01-27","published-online","10.1080/17538947.2024.2443470","https://doi.org/10.1080/17538947.2024.2443470","no","机器学习","machine learning","遥感与地球观测数据","remote sensing","","","Must match at least one method_family keyword in Crossref title or abstract"
"2025-01","数字地球与地理信息","International Journal of Digital Earth","IJDE","1753-8955","Spatiotemporal analysis of the impact of green finance on carbon dioxide emissions based on panel data of cities in China","2025-01-29","published-online","10.1080/17538947.2025.2457969","https://doi.org/10.1080/17538947.2025.2457969","no","时序与时空建模 | 因果推断与准实验","spatiotemporal | temporal analysis | panel data","","","时间尺度与动态过程","panel","Must match at least one method_family keyword in Crossref title or abstract"
"2025-01","地理信息科学","International Journal of Geographical Information Science","IJGIS","1365-8816","Incremental spatiotemporal flow colocation quotient: a new spatiotemporal association analysis method for geographical flows","2025-01-03","published-online","10.1080/13658816.2024.2445180","https://doi.org/10.1080/13658816.2024.2445180","no","时序与时空建模","spatiotemporal","","","","","Must match at least one method_family keyword in Crossref title or abstract"
"2025-01","地理信息科学","International Journal of Geographical Information Science","IJGIS","1365-8816","Can geodemographic clustering be fair? Incorporating social fairness in crisp and fuzzy approaches through a unified framework","2025-01-06","published-online","10.1080/13658816.2024.2444525","https://doi.org/10.1080/13658816.2024.2444525","no","机器学习","clustering","","","","","Must match at least one method_family keyword in Crossref title or abstract"
"2025-01","地理信息科学","International Journal of Geographical Information Science","IJGIS","1365-8816","CSSKL: Collaborative Specific-Shared Knowledge Learning framework for cross-city spatiotemporal forecasting in cellular networks","2025-01-16","published-online","10.1080/13658816.2025.2451306","https://doi.org/10.1080/13658816.2025.2451306","no","时序与时空建模","spatiotemporal | forecasting","","","城市、区域与空间结构","city","Must match at least one method_family keyword in Crossref title or abstract"
"2025-01","地理信息科学","International Journal of Geographical Information Science","IJGIS","1365-8816","Integrating morphological knowledge of contour data and graph neural network for landform type recognition","2025-01-21","published-online","10.1080/13658816.2025.2455075","https://doi.org/10.1080/13658816.2025.2455075","no","深度学习与神经网络 | 图模型与网络方法","neural network | graph | graph neural network","","","","","Must match at least one method_family keyword in Crossref title or abstract"
"2025-01","地理信息科学","International Journal of Geographical Information Science","IJGIS","1365-8816","SpaCE: a spatial counterfactual explainable deep learning model for predicting out-of-hospital cardiac arrest survival outcome","2025-01-28","published-online","10.1080/13658816.2024.2443757","https://doi.org/10.1080/13658816.2024.2443757","no","深度学习与神经网络","deep learning","","","","","Must match at least one method_family keyword in Crossref title or abstract"
"2025-01","地理信息科学","ISPRS International Journal of Geo-Information","IJGI","2220-9964","A Lightweight CNN-Transformer Implemented via Structural Re-Parameterization and Hybrid Attention for Remote Sensing Image Super-Resolution","2025-01-01","created-proxy","10.3390/ijgi14010008","https://doi.org/10.3390/ijgi14010008","yes","深度学习与神经网络 | 遥感视觉与影像分析","neural network | CNN | convolutional neural network | transformer | attention mechanism | super-resolution","遥感与地球观测数据","remote sensing","","","Must match at least one method_family keyword in Crossref title or abstract"
"2025-01","地理信息科学","ISPRS International Journal of Geo-Information","IJGI","2220-9964","Multi-Scenario Simulation Evaluation and Strategic Zoning of Habitat Services Based on Habitat Quality and Ecological Network: A Case Study of Lanzhou City","2025-01-01","created-proxy","10.3390/ijgi14010007","https://doi.org/10.3390/ijgi14010007","yes","仿真、优化与强化学习","simulation","","","城市、区域与空间结构","city","Must match at least one method_family keyword in Crossref title or abstract"
"2025-01","地理信息科学","ISPRS International Journal of Geo-Information","IJGI","2220-9964","Solving Spatial Optimization Problems via Lagrangian Relaxation and Automatic Gradient Computation","2025-01-02","published-online","10.3390/ijgi14010015","https://doi.org/10.3390/ijgi14010015","yes","深度学习与神经网络 | 仿真、优化与强化学习","deep learning | optimization","","","","","Must match at least one method_family keyword in Crossref title or abstract"
"2025-01","地理信息科学","ISPRS International Journal of Geo-Information","IJGI","2220-9964","Urban Vitality Measurement Through Big Data and Internet of Things Technologies","2025-01-02","published-online","10.3390/ijgi14010014","https://doi.org/10.3390/ijgi14010014","yes","机器学习","machine learning","传感器与物联网数据","IoT","","","Must match at least one method_family keyword in Crossref title or abstract"
"2025-01","地理信息科学","ISPRS International Journal of Geo-Information","IJGI","2220-9964","HGeoKG: A Hierarchical Geographic Knowledge Graph for Geographic Knowledge Reasoning","2025-01-03","published-online","10.3390/ijgi14010018","https://doi.org/10.3390/ijgi14010018","yes","GeoAI 与基础模型 | 图模型与网络方法","GeoAI | graph | knowledge graph","","","空间尺度、依赖与异质性","spatial heterogeneity","Must match at least one method_family keyword in Crossref title or abstract"
"2025-01","地理信息科学","ISPRS International Journal of Geo-Information","IJGI","2220-9964","Performance Evaluation and Optimization of 3D Gaussian Splatting in Indoor Scene Generation and Rendering","2025-01-07","published-online","10.3390/ijgi14010021","https://doi.org/10.3390/ijgi14010021","yes","仿真、优化与强化学习","optimization","","","","","Must match at least one method_family keyword in Crossref title or abstract"
"2025-01","地理信息科学","ISPRS International Journal of Geo-Information","IJGI","2220-9964","Analysis and Optimization of the Spatial Patterns of Commercial Service Facilities Based on Multisource Spatiotemporal Data and Graph Neural Networks: A Case Study of Beijing, China","2025-01-09","published-online","10.3390/ijgi14010023","https://doi.org/10.3390/ijgi14010023","yes","机器学习 | 深度学习与神经网络 | 图模型与网络方法 | 时序与时空建模 | 仿真、优化与强化学习","classification | neural network | graph | graph neural network | spatiotemporal | optimization","基础地理与城市数据库","land use","空间尺度、依赖与异质性 | 城市、区域与空间结构","spatial heterogeneity | neighborhood","Must match at least one method_family keyword in Crossref title or abstract"
"2025-01","地理信息科学","ISPRS International Journal of Geo-Information","IJGI","2220-9964","POI Data Fusion Method Based on Multi-Feature Matching and Optimization","2025-01-12","published-online","10.3390/ijgi14010026","https://doi.org/10.3390/ijgi14010026","yes","机器学习 | 仿真、优化与强化学习","random forest | optimization","街景、社交感知与众包数据","POI","","","Must match at least one method_family keyword in Crossref title or abstract"
"2025-01","地理信息科学","ISPRS International Journal of Geo-Information","IJGI","2220-9964","Spatial Analysis of Maritime Disasters in the Philippines: Distribution Patterns and Identification of High-Risk Areas","2025-01-14","published-online","10.3390/ijgi14010031","https://doi.org/10.3390/ijgi14010031","yes","空间统计与空间计量","hotspot analysis","","","","","Must match at least one method_family keyword in Crossref title or abstract"
"2025-01","地理信息科学","ISPRS International Journal of Geo-Information","IJGI","2220-9964","Synergy of Remote Sensing and Geospatial Technologies to Advance Sustainable Development Goals for Future Coastal Urbanization and Environmental Challenges in a Riverine Megacity","2025-01-14","published-online","10.3390/ijgi14010030","https://doi.org/10.3390/ijgi14010030","yes","深度学习与神经网络 | 仿真、优化与强化学习","neural network | artificial neural network | cellular automata","遥感与地球观测数据 | 基础地理与城市数据库","remote sensing | Landsat | DEM | land use | land cover","环境监测与灾害风险","flood | climate","Must match at least one method_family keyword in Crossref title or abstract"
"2025-01","地理信息科学","ISPRS International Journal of Geo-Information","IJGI","2220-9964","Patch-Level and Neighborhood-Dependency Spatial Optimization Method (PNO): Application to Urban Land-Use Planning to Facilitate Both Socio-Economic and Environmental Development in Beijing","2025-01-16","published-online","10.3390/ijgi14010033","https://doi.org/10.3390/ijgi14010033","yes","图模型与网络方法 | 时序与时空建模 | 仿真、优化与强化学习","graph | spatiotemporal | optimization | genetic algorithm","基础地理与城市数据库","land use","城市、区域与空间结构 | 环境监测与灾害风险","neighborhood | heat","Must match at least one method_family keyword in Crossref title or abstract"
"2025-01","地理信息科学","ISPRS International Journal of Geo-Information","IJGI","2220-9964","An Efficient Tourism Path Approach Based on Improved Ant Colony Optimization in Hilly Areas","2025-01-17","published-online","10.3390/ijgi14010034","https://doi.org/10.3390/ijgi14010034","yes","仿真、优化与强化学习","optimization | genetic algorithm","","","","","Must match at least one method_family keyword in Crossref title or abstract"
"2025-01","地理信息科学","ISPRS International Journal of Geo-Information","IJGI","2220-9964","Towards AI-Assisted Mapmaking: Assessing the Capabilities of GPT-4o in Cartographic Design","2025-01-17","published-online","10.3390/ijgi14010035","https://doi.org/10.3390/ijgi14010035","yes","GeoAI 与基础模型 | 机器学习","large language model | LLM | classification","","","","","Must match at least one method_family keyword in Crossref title or abstract"
"2025-01","地理信息科学","ISPRS International Journal of Geo-Information","IJGI","2220-9964","Spatiotemporal Changes and Trade-Offs/Synergies of Ecosystem Services in the Qin-Mang River Basin","2025-01-19","published-online","10.3390/ijgi14010037","https://doi.org/10.3390/ijgi14010037","yes","空间统计与空间计量 | 时序与时空建模","spatial autocorrelation | spatiotemporal","基础地理与城市数据库","land use | land cover","环境监测与灾害风险","climate","Must match at least one method_family keyword in Crossref title or abstract"
"2025-01","地理信息科学","ISPRS International Journal of Geo-Information","IJGI","2220-9964","Interpretable Machine Learning Insights into the Factors Influencing Residents’ Travel Distance Distribution","2025-01-20","published-online","10.3390/ijgi14010039","https://doi.org/10.3390/ijgi14010039","yes","机器学习","machine learning | gradient boosting","轨迹与移动性数据 | 基础地理与城市数据库","human mobility | land use","空间尺度、依赖与异质性 | 城市、区域与空间结构","spatial heterogeneity | city","Must match at least one method_family keyword in Crossref title or abstract"
"2025-01","地理信息科学","ISPRS International Journal of Geo-Information","IJGI","2220-9964","The Agglomeration of Food Services and Their Colocation with Surrounding Complementary Services in the Guangdong–Hong Kong–Macao Greater Bay Area","2025-01-21","published-online","10.3390/ijgi14020040","https://doi.org/10.3390/ijgi14020040","yes","机器学习","clustering","街景、社交感知与众包数据","POI","","","Must match at least one method_family keyword in Crossref title or abstract"
"2025-01","地理信息科学","ISPRS International Journal of Geo-Information","IJGI","2220-9964","A Novel Evolutionary Deep Learning Approach for PM2.5 Prediction Using Remote Sensing and Spatial–Temporal Data: A Case Study of Tehran","2025-01-23","published-online","10.3390/ijgi14020042","https://doi.org/10.3390/ijgi14020042","yes","机器学习 | 深度学习与神经网络 | 时序与时空建模","machine learning | feature selection | deep learning | LSTM | long short-term memory | forecasting","遥感与地球观测数据","remote sensing | satellite imagery","城市、区域与空间结构","city","Must match at least one method_family keyword in Crossref title or abstract"
"2025-01","地理信息科学","ISPRS International Journal of Geo-Information","IJGI","2220-9964","Multi-View Three-Dimensional Reconstruction Based on Feature Enhancement and Weight Optimization Network","2025-01-24","published-online","10.3390/ijgi14020043","https://doi.org/10.3390/ijgi14020043","yes","深度学习与神经网络 | 仿真、优化与强化学习","neural network | convolutional neural network | attention mechanism | optimization","","","","","Must match at least one method_family keyword in Crossref title or abstract"
"2025-01","地理信息科学","ISPRS International Journal of Geo-Information","IJGI","2220-9964","Correlation Characteristics Between Urban Fires and Urban Functional Spaces: A Study Based on Point of Interest Data and Ripley’s K-Function","2025-01-25","published-online","10.3390/ijgi14020045","https://doi.org/10.3390/ijgi14020045","yes","机器学习 | 空间统计与空间计量","clustering | spatial clustering","街景、社交感知与众包数据","POI","空间尺度、依赖与异质性","spatial scale","Must match at least one method_family keyword in Crossref title or abstract"
"2025-01","地理信息科学","ISPRS International Journal of Geo-Information","IJGI","2220-9964","Spatial Dynamics and Drivers of Urban Growth in Thua Thien Hue Province, Vietnam: Insights for Urban Sustainability in the Global South","2025-01-25","published-online","10.3390/ijgi14020044","https://doi.org/10.3390/ijgi14020044","yes","机器学习 | 时序与时空建模","classification | random forest | change detection","基础地理与城市数据库","DEM | land use | land cover","城市、区域与空间结构","city","Must match at least one method_family keyword in Crossref title or abstract"
"2025-01","地理信息科学","ISPRS International Journal of Geo-Information","IJGI","2220-9964","Exploring Inequality: A Multi-Scale Analysis of China’s Consumption Carbon Footprint","2025-01-26","published-online","10.3390/ijgi14020049","https://doi.org/10.3390/ijgi14020049","yes","时序与时空建模","spatiotemporal","","","","","Must match at least one method_family keyword in Crossref title or abstract"
"2025-01","地理信息科学","ISPRS International Journal of Geo-Information","IJGI","2220-9964","The Coordinated Development Characteristics of Rural Industry and Employment: A Case Study of Chongqing, China","2025-01-26","published-online","10.3390/ijgi14020048","https://doi.org/10.3390/ijgi14020048","yes","时序与时空建模","spatio-temporal","","","","","Must match at least one method_family keyword in Crossref title or abstract"
"2025-01","地理信息科学","ISPRS International Journal of Geo-Information","IJGI","2220-9964","Identify Optimal Pedestrian Flow Forecasting Methods in Great Britain Retail Areas: A Comparative Study of Time Series Forecasting on a Footfall Dataset","2025-01-27","published-online","10.3390/ijgi14020050","https://doi.org/10.3390/ijgi14020050","yes","深度学习与神经网络 | 时序与时空建模","LSTM | time series | forecasting","","","","","Must match at least one method_family keyword in Crossref title or abstract"
"2025-01","地理信息科学","ISPRS International Journal of Geo-Information","IJGI","2220-9964","Automated Icon Extraction from Tourism Maps: A Synergistic Approach Integrating YOLOv8x and SAM","2025-01-30","published-online","10.3390/ijgi14020055","https://doi.org/10.3390/ijgi14020055","yes","遥感视觉与影像分析","object detection","","","","","Must match at least one method_family keyword in Crossref title or abstract"
"2025-01","摄影测量与遥感","ISPRS Journal of Photogrammetry and Remote Sensing","P&RS","0924-2716","A real time LiDAR-Visual-Inertial object level semantic SLAM for forest environments","2025-01-01","published","10.1016/j.isprsjprs.2024.11.013","https://doi.org/10.1016/j.isprsjprs.2024.11.013","no","遥感视觉与影像分析","LiDAR","遥感与地球观测数据","LiDAR","","","Must match at least one method_family keyword in Crossref title or abstract"
"2025-01","摄影测量与遥感","ISPRS Journal of Photogrammetry and Remote Sensing","P&RS","0924-2716","Location and orientation united graph comparison for topographic point cloud change estimation","2025-01-01","published","10.1016/j.isprsjprs.2024.11.016","https://doi.org/10.1016/j.isprsjprs.2024.11.016","no","图模型与网络方法 | 遥感视觉与影像分析","graph | point cloud","","","","","Must match at least one method_family keyword in Crossref title or abstract"
"2025-01","摄影测量与遥感","ISPRS Journal of Photogrammetry and Remote Sensing","P&RS","0924-2716","Developing a spatiotemporal fusion framework for generating daily UAV images in agricultural areas using publicly available satellite data","2025-01-02","created-proxy","10.1016/j.isprsjprs.2024.12.024","https://doi.org/10.1016/j.isprsjprs.2024.12.024","no","时序与时空建模","spatiotemporal","遥感与地球观测数据","UAV","","","Must match at least one method_family keyword in Crossref title or abstract"
"2025-01","摄影测量与遥感","ISPRS Journal of Photogrammetry and Remote Sensing","P&RS","0924-2716","3LATNet: Attention based deep learning model for global Chlorophyll-a retrieval from GCOM-C satellite","2025-01-10","created-proxy","10.1016/j.isprsjprs.2024.12.019","https://doi.org/10.1016/j.isprsjprs.2024.12.019","no","深度学习与神经网络","deep learning","","","","","Must match at least one method_family keyword in Crossref title or abstract"
"2025-01","摄影测量与遥感","ISPRS Journal of Photogrammetry and Remote Sensing","P&RS","0924-2716","Joint compression and despeckling by SAR representation learning","2025-01-14","created-proxy","10.1016/j.isprsjprs.2024.12.016","https://doi.org/10.1016/j.isprsjprs.2024.12.016","no","遥感视觉与影像分析","SAR","遥感与地球观测数据","SAR","","","Must match at least one method_family keyword in Crossref title or abstract"
"2025-01","摄影测量与遥感","ISPRS Journal of Photogrammetry and Remote Sensing","P&RS","0924-2716","A sensitive geometric self-calibration method and stability analysis for multiview spaceborne SAR images based on the range-Doppler model","2025-01-15","created-proxy","10.1016/j.isprsjprs.2025.01.009","https://doi.org/10.1016/j.isprsjprs.2025.01.009","no","遥感视觉与影像分析","SAR","遥感与地球观测数据","SAR","","","Must match at least one method_family keyword in Crossref title or abstract"
"2025-01","摄影测量与遥感","ISPRS Journal of Photogrammetry and Remote Sensing","P&RS","0924-2716","Application of SAR-Optical fusion to extract shoreline position from Cloud-Contaminated satellite images","2025-01-16","created-proxy","10.1016/j.isprsjprs.2025.01.013","https://doi.org/10.1016/j.isprsjprs.2025.01.013","no","遥感视觉与影像分析","SAR","遥感与地球观测数据","SAR","","","Must match at least one method_family keyword in Crossref title or abstract"
"2025-01","摄影测量与遥感","ISPRS Journal of Photogrammetry and Remote Sensing","P&RS","0924-2716","Using hyperspectral and thermal imagery to monitor stress of Southern California plant species during the 2013–2015 drought","2025-01-16","created-proxy","10.1016/j.isprsjprs.2025.01.015","https://doi.org/10.1016/j.isprsjprs.2025.01.015","no","遥感视觉与影像分析","hyperspectral","遥感与地球观测数据","hyperspectral","","","Must match at least one method_family keyword in Crossref title or abstract"
"2025-01","摄影测量与遥感","ISPRS Journal of Photogrammetry and Remote Sensing","P&RS","0924-2716","GITomo-Net: Geometry-independent deep learning imaging method for SAR tomography","2025-01-18","created-proxy","10.1016/j.isprsjprs.2025.01.004","https://doi.org/10.1016/j.isprsjprs.2025.01.004","no","深度学习与神经网络 | 遥感视觉与影像分析","deep learning | SAR","遥感与地球观测数据","SAR","","","Must match at least one method_family keyword in Crossref title or abstract"
"2025-01","摄影测量与遥感","ISPRS Journal of Photogrammetry and Remote Sensing","P&RS","0924-2716","Generative networks for spatio-temporal gap filling of Sentinel-2 reflectances","2025-01-22","created-proxy","10.1016/j.isprsjprs.2025.01.016","https://doi.org/10.1016/j.isprsjprs.2025.01.016","no","时序与时空建模","spatio-temporal","遥感与地球观测数据","Sentinel","","","Must match at least one method_family keyword in Crossref title or abstract"
"2025-01","摄影测量与遥感","ISPRS Journal of Photogrammetry and Remote Sensing","P&RS","0924-2716","GN-GCN: Grid neighborhood-based graph convolutional network for spatio-temporal knowledge graph reasoning","2025-01-25","created-proxy","10.1016/j.isprsjprs.2025.01.023","https://doi.org/10.1016/j.isprsjprs.2025.01.023","no","图模型与网络方法 | 时序与时空建模","graph | graph convolutional network | GCN | knowledge graph | spatio-temporal","","","城市、区域与空间结构","neighborhood","Must match at least one method_family keyword in Crossref title or abstract"
"2025-01","摄影测量与遥感","ISPRS Journal of Photogrammetry and Remote Sensing","P&RS","0924-2716","Near-surface air temperature estimation for areas with sparse observations based on transfer learning","2025-01-25","created-proxy","10.1016/j.isprsjprs.2025.01.021","https://doi.org/10.1016/j.isprsjprs.2025.01.021","no","GeoAI 与基础模型","transfer learning","","","","","Must match at least one method_family keyword in Crossref title or abstract"
"2025-01","摄影测量与遥感","ISPRS Journal of Photogrammetry and Remote Sensing","P&RS","0924-2716","Remote sensing scene graph generation for improved retrieval based on spatial relationships","2025-01-29","created-proxy","10.1016/j.isprsjprs.2025.01.012","https://doi.org/10.1016/j.isprsjprs.2025.01.012","no","图模型与网络方法","graph","遥感与地球观测数据","remote sensing","","","Must match at least one method_family keyword in Crossref title or abstract"
"2025-01","摄影测量与遥感","ISPRS Journal of Photogrammetry and Remote Sensing","P&RS","0924-2716","Classification of urban road functional structure by integrating physical and behavioral features","2025-01-30","created-proxy","10.1016/j.isprsjprs.2025.01.018","https://doi.org/10.1016/j.isprsjprs.2025.01.018","no","机器学习","classification","","","","","Must match at least one method_family keyword in Crossref title or abstract"
"2025-01","摄影测量与遥感","ISPRS Journal of Photogrammetry and Remote Sensing","P&RS","0924-2716","Accurate semantic segmentation of very high-resolution remote sensing images considering feature state sequences: From benchmark datasets to urban applications","2025-01-31","created-proxy","10.1016/j.isprsjprs.2025.01.017","https://doi.org/10.1016/j.isprsjprs.2025.01.017","no","遥感视觉与影像分析","semantic segmentation","遥感与地球观测数据","remote sensing","","","Must match at least one method_family keyword in Crossref title or abstract"
"2025-01","摄影测量与遥感","ISPRS Journal of Photogrammetry and Remote Sensing","P&RS","0924-2716","Nothing Stands Still: A spatiotemporal benchmark on 3D point cloud registration under large geometric and temporal change","2025-01-31","created-proxy","10.1016/j.isprsjprs.2025.01.010","https://doi.org/10.1016/j.isprsjprs.2025.01.010","no","时序与时空建模 | 遥感视觉与影像分析","spatiotemporal | point cloud","","","","","Must match at least one method_family keyword in Crossref title or abstract"
"2025-01","摄影测量与遥感","ISPRS Journal of Photogrammetry and Remote Sensing","P&RS","0924-2716","Plug-and-play DISep: Separating dense instances for scene-to-pixel weakly-supervised change detection in high-resolution remote sensing images","2025-01-31","created-proxy","10.1016/j.isprsjprs.2025.01.007","https://doi.org/10.1016/j.isprsjprs.2025.01.007","no","时序与时空建模","change detection","遥感与地球观测数据","remote sensing","","","Must match at least one method_family keyword in Crossref title or abstract"
"2025-01","摄影测量与遥感","ISPRS Journal of Photogrammetry and Remote Sensing","P&RS","0924-2716","PolSAR2PolSAR: A semi-supervised despeckling algorithm for polarimetric SAR images","2025-01-31","created-proxy","10.1016/j.isprsjprs.2025.01.008","https://doi.org/10.1016/j.isprsjprs.2025.01.008","no","遥感视觉与影像分析","SAR","遥感与地球观测数据","SAR","","","Must match at least one method_family keyword in Crossref title or abstract"
"2025-01","地理系统与空间建模","Journal of Geographical Systems","JGS","1435-5949","Spatiotemporal forecasting models with and without a confounded covariate","2025-01-28","published-online","10.1007/s10109-024-00454-z","https://doi.org/10.1007/s10109-024-00454-z","no","时序与时空建模","spatiotemporal | forecasting","","","","","Must match at least one method_family keyword in Crossref title or abstract"
"2025-01","地理系统与空间建模","Journal of Geographical Systems","JGS","1435-5949","Spatial process-based transfer learning for prediction problems","2025-01-31","published-online","10.1007/s10109-024-00455-y","https://doi.org/10.1007/s10109-024-00455-y","no","GeoAI 与基础模型","transfer learning","","","","","Must match at least one method_family keyword in Crossref title or abstract"
"2025-01","可视化与空间分析","Journal of Geovisualization and Spatial Analysis","JGSA","2509-8829","Agent-Based Modeling Under Climate Uncertainties: The Coastal Resilience (CRes-ABM) Model","2025-01-07","published-online","10.1007/s41651-024-00210-3","https://doi.org/10.1007/s41651-024-00210-3","no","仿真、优化与强化学习","agent-based model | ABM","","","环境监测与灾害风险","climate","Must match at least one method_family keyword in Crossref title or abstract"
"2025-01","地理信息科学","Journal of Spatial Information Science","JOSIS","1948-660X","Predicting the geolocation of tweets using transformer models on customized data","2025-01-06","created-proxy","10.5311/josis.2024.29.295","https://doi.org/10.5311/josis.2024.29.295","yes","深度学习与神经网络","neural network | transformer","","","","","Must match at least one method_family keyword in Crossref title or abstract"
"2025-01","摄影测量与遥感","PFG - Journal of Photogrammetry, Remote Sensing and Geoinformation Science","PFG","2512-2789","Geolocation-Aware Deep Coding","2025-01-07","published-online","10.1007/s41064-024-00328-5","https://doi.org/10.1007/s41064-024-00328-5","yes","深度学习与神经网络","deep learning | neural network","遥感与地球观测数据 | 基础地理与城市数据库","remote sensing | Sentinel | Landsat | building footprint","","","Must match at least one method_family keyword in Crossref title or abstract"
"2025-01","摄影测量与遥感","PFG - Journal of Photogrammetry, Remote Sensing and Geoinformation Science","PFG","2512-2789","Selecting Relevant Features for Random Forest-Based Crop Type Classifications by Spatial Assessments of Backward Feature Reduction","2025-01-09","published-online","10.1007/s41064-024-00329-4","https://doi.org/10.1007/s41064-024-00329-4","yes","机器学习 | 时序与时空建模 | 遥感视觉与影像分析","machine learning | classification | random forest | time series | SAR | hyperspectral","遥感与地球观测数据","SAR | hyperspectral | Sentinel","","","Must match at least one method_family keyword in Crossref title or abstract"
"2025-01","摄影测量与遥感","Photogrammetric Engineering & Remote Sensing","PE&RS","0099-1112","Adaptive Orientation Object-Detection Method for Large-scale Remote Sensing Images Based on Multi-scale Block Fusion","2025-01-01","published","10.14358/pers.24-00036r1","https://doi.org/10.14358/pers.24-00036r1","yes","深度学习与神经网络 | 遥感视觉与影像分析","neural network | convolutional neural network | object detection","遥感与地球观测数据","remote sensing","","","Must match at least one method_family keyword in Crossref title or abstract"
"2025-01","摄影测量与遥感","Photogrammetric Engineering & Remote Sensing","PE&RS","0099-1112","Landslide Evolution Assessment Based on Sequential InSAR Methods in the Kunming Transmission Line Corridor","2025-01-01","published","10.14358/pers.24-00041r2","https://doi.org/10.14358/pers.24-00041r2","yes","遥感视觉与影像分析","SAR","遥感与地球观测数据","SAR | Sentinel","环境监测与灾害风险","landslide","Must match at least one method_family keyword in Crossref title or abstract"
"2025-01","摄影测量与遥感","Photogrammetric Engineering & Remote Sensing","PE&RS","0099-1112","Monitoring and Predictive Analysis of Surface Deformation Using Combined SBAS-InSAR Technology and CS-Elman Neural Network: A Case Study of Wenchuan County, Sichuan Province, China","2025-01-01","published","10.14358/pers.24-00058r4","https://doi.org/10.14358/pers.24-00058r4","yes","深度学习与神经网络","neural network","遥感与地球观测数据","Sentinel","","","Must match at least one method_family keyword in Crossref title or abstract"
"2025-01","摄影测量与遥感","Photogrammetric Engineering & Remote Sensing","PE&RS","0099-1112","RSODNet: Lightweight Remote Sensing Image Object Detection Combined with BCDNS Compression Algorithm","2025-01-01","published","10.14358/pers.24-00060r2","https://doi.org/10.14358/pers.24-00060r2","yes","深度学习与神经网络 | 遥感视觉与影像分析","deep learning | neural network | object detection","遥感与地球观测数据","remote sensing","","","Must match at least one method_family keyword in Crossref title or abstract"
"2025-01","摄影测量与遥感","Photogrammetric Engineering & Remote Sensing","PE&RS","0099-1112","Scale-adaptive Knowledge Distillation with Superpixel for Hyperspectral Image Classification","2025-01-01","published","10.14358/pers.25-00079r2","https://doi.org/10.14358/pers.25-00079r2","yes","GeoAI 与基础模型 | 机器学习 | 深度学习与神经网络 | 遥感视觉与影像分析","self-supervised learning | supervised learning | classification | deep learning | neural network | attention mechanism | image classification | hyperspectral","遥感与地球观测数据","remote sensing | hyperspectral","","","Must match at least one method_family keyword in Crossref title or abstract"
"2025-01","摄影测量与遥感","Photogrammetric Engineering & Remote Sensing","PE&RS","0099-1112","Semantic Change Detection with Constrained Dual-Head Convolutional Neural Network Architecture for Oil/Gas Well Site Monitoring","2025-01-01","published","10.14358/pers.25-00112r3","https://doi.org/10.14358/pers.25-00112r3","yes","深度学习与神经网络 | 时序与时空建模","deep learning | neural network | CNN | convolutional neural network | change detection","遥感与地球观测数据 | 基础地理与城市数据库","remote sensing | satellite imagery | land cover","","","Must match at least one method_family keyword in Crossref title or abstract"
"2025-01","摄影测量与遥感","Photogrammetric Engineering & Remote Sensing","PE&RS","0099-1112","Stripe Noise Removal of ZY1-02D Hyperspectral Images Using an Improved Three-Dimensional U-Net Network","2025-01-01","published","10.14358/pers.25-00095r2","https://doi.org/10.14358/pers.25-00095r2","yes","机器学习 | 深度学习与神经网络 | 遥感视觉与影像分析","classification | attention mechanism | U-Net | hyperspectral","遥感与地球观测数据","remote sensing | hyperspectral","","","Must match at least one method_family keyword in Crossref title or abstract"
"2025-01","摄影测量与遥感","Photogrammetric Engineering & Remote Sensing","PE&RS","0099-1112","Artificial Neural Network Multi-layer Perceptron Models to Classify California's Crops using Harmonized Landsat Sentinel (HLS) Data","2025-01-31","created-proxy","10.14358/pers.24-00072r3","https://doi.org/10.14358/pers.24-00072r3","yes","机器学习 | 深度学习与神经网络 | 时序与时空建模","machine learning | classification | deep learning | neural network | artificial neural network | time series","遥感与地球观测数据","remote sensing | multispectral | Sentinel | Landsat","","","Must match at least one method_family keyword in Crossref title or abstract"
"2025-01","摄影测量与遥感","Photogrammetric Engineering & Remote Sensing","PE&RS","0099-1112","Individual Tree Segmentation Using Deep Learning and Climbing Algorithm: A Method for Achieving High-precision Single-tree Segmentation in High-density Forests under Complex Environments","2025-01-31","created-proxy","10.14358/pers.24-00083r2","https://doi.org/10.14358/pers.24-00083r2","yes","深度学习与神经网络 | 遥感视觉与影像分析","deep learning | point cloud | LiDAR","遥感与地球观测数据","LiDAR","","","Must match at least one method_family keyword in Crossref title or abstract"
"2025-01","摄影测量与遥感","Photogrammetric Engineering & Remote Sensing","PE&RS","0099-1112","Lightweight Ship Object Detection Algorithm for Remote Sensing Images Based on Multi-scale Perception and Feature Enhancement","2025-01-31","created-proxy","10.14358/pers.24-00085r2","https://doi.org/10.14358/pers.24-00085r2","yes","深度学习与神经网络 | 遥感视觉与影像分析","attention mechanism | object detection","遥感与地球观测数据","remote sensing","","","Must match at least one method_family keyword in Crossref title or abstract"
"2025-01","摄影测量与遥感","Photogrammetric Engineering & Remote Sensing","PE&RS","0099-1112","Spatiotemporal Behavior of Active Forest Fires Using Time-Series MODIS C6 Data","2025-01-31","created-proxy","10.14358/pers.24-00035r2","https://doi.org/10.14358/pers.24-00035r2","yes","时序与时空建模","spatiotemporal","遥感与地球观测数据","remote sensing | MODIS","","","Must match at least one method_family keyword in Crossref title or abstract"
"2025-01","空间认知","Spatial Cognition & Computation","SCC","1542-7633","Automatically generated place descriptions for accurate location identification: a hybrid approach with rule-based methods and LLM","2025-01-21","published-online","10.1080/13875868.2025.2449859","https://doi.org/10.1080/13875868.2025.2449859","no","GeoAI 与基础模型","LLM","","","","","Must match at least one method_family keyword in Crossref title or abstract"
"2025-01","地理信息科学","Transactions in GIS","TGIS","1467-9671","Comparative Analysis of Geospatial Tools for Solar Simulation","2025-01-03","published-online","10.1111/tgis.13296","https://doi.org/10.1111/tgis.13296","yes","仿真、优化与强化学习","simulation","传感器与物联网数据","weather station","","","Must match at least one method_family keyword in Crossref title or abstract"
"2025-01","地理信息科学","Transactions in GIS","TGIS","1467-9671","Investigation of Water Quality in Izmir Bay With Remote Sensing Techniques Using NDCI on Google Earth Engine Platform","2025-01-12","published-online","10.1111/tgis.13301","https://doi.org/10.1111/tgis.13301","yes","时序与时空建模","time series","遥感与地球观测数据","remote sensing","","","Must match at least one method_family keyword in Crossref title or abstract"
"2025-01","地理信息科学","Transactions in GIS","TGIS","1467-9671","Adaptive Multi‐View Neural Network for Network‐Wide and Segment‐Wise Traffic Speed Estimation With Heterogeneous Missing Cases","2025-01-15","published-online","10.1111/tgis.13295","https://doi.org/10.1111/tgis.13295","yes","深度学习与神经网络 | 图模型与网络方法","neural network | attention mechanism | graph","传感器与物联网数据","sensor","空间尺度、依赖与异质性","spatial heterogeneity","Must match at least one method_family keyword in Crossref title or abstract"
"2025-01","地理信息科学","Transactions in GIS","TGIS","1467-9671","BIM ‐Based Indoor Navigation Using End‐to‐End Visual Localization and ARCore","2025-01-21","published-online","10.1111/tgis.13298","https://doi.org/10.1111/tgis.13298","yes","深度学习与神经网络 | 遥感视觉与影像分析","deep learning | point cloud","","","","","Must match at least one method_family keyword in Crossref title or abstract"
"2025-01","地理信息科学","Transactions in GIS","TGIS","1467-9671","Mapping National‐Scale Road Surface Types Using Multisource Open Data and Deep Learning Model","2025-01-26","published-online","10.1111/tgis.13305","https://doi.org/10.1111/tgis.13305","yes","机器学习 | 深度学习与神经网络 | 图模型与网络方法","machine learning | deep learning | road network","遥感与地球观测数据 | 基础地理与城市数据库","remote sensing | OpenStreetMap | road network | land cover","","","Must match at least one method_family keyword in Crossref title or abstract"
"2025-01","地理信息科学","Transactions in GIS","TGIS","1467-9671","Spatial Performance Approach to Machine Learning Algorithms: A GIS ‐Based Comparison Analysis for Real Estate Valuation","2025-01-27","published-online","10.1111/tgis.13303","https://doi.org/10.1111/tgis.13303","yes","机器学习 | 深度学习与神经网络 | 仿真、优化与强化学习","machine learning | random forest | support vector machine | neural network | artificial neural network | optimization","","","","","Must match at least one method_family keyword in Crossref title or abstract"
"2025-01","地理信息科学","Transactions in GIS","TGIS","1467-9671","Drainage Pattern Recognition Method Using Graph Convolutional Networks Combined With Three‐Dimensional Elevation Features","2025-01-30","published-online","10.1111/tgis.70002","https://doi.org/10.1111/tgis.70002","yes","机器学习 | 深度学习与神经网络 | 图模型与网络方法","support vector machine | SVM | deep learning | graph | graph convolutional network | GCN","基础地理与城市数据库","OSM","环境监测与灾害风险","flood","Must match at least one method_family keyword in Crossref title or abstract"
"2025-01","地理信息科学","Transactions in GIS","TGIS","1467-9671","Geographically Weighted Regression–Based Modeling on the Basis of Bandwidth and Autoregressive Coefficient Uncertainty Determined Using Akaike Weights","2025-01-30","published-online","10.1111/tgis.70005","https://doi.org/10.1111/tgis.70005","yes","空间统计与空间计量 | 遥感视觉与影像分析","spatial autocorrelation | geographically weighted regression | GWR | MGWR | SAR","遥感与地球观测数据","SAR","空间尺度、依赖与异质性","scale effect","Must match at least one method_family keyword in Crossref title or abstract"
"2025-01","地理信息科学","Transactions in GIS","TGIS","1467-9671","Understanding Residential Address Patterns in Urban and Rural Areas: A Machine Learning Approach","2025-01-30","published-online","10.1111/tgis.70003","https://doi.org/10.1111/tgis.70003","yes","机器学习 | 仿真、优化与强化学习","machine learning | classification | optimization","","","城市、区域与空间结构","neighborhood","Must match at least one method_family keyword in Crossref title or abstract"
